<?xml version="1.0" encoding="UTF-8" standalone="no"?>
<registration_data version="1.0">
   <environment>
      <hostname>hyper</hostname>
      <hostId/>
      <osName>Windows XP</osName>
      <osVersion>5.1</osVersion>
      <osArchitecture>x86</osArchitecture>
      <systemModel/>
      <systemManufacturer/>
      <cpuManufacturer/>
      <serialNumber/>
   </environment>
   <registry urn="urn:st:e994b39c-d00a-43d1-a9dc-1cb2a19e4346" version="1.0">
      <service_tag>
         <instance_urn>urn:st:cd02b23d-f70d-4ee0-8672-927d0796af3f</instance_urn>
         <product_name>Java SE 6 Runtime Environment</product_name>
         <product_version>1.6.0_21</product_version>
         <product_urn>urn:uuid:92d1de8c-1e59-42c6-a280-1c379526bcbc</product_urn>
         <product_parent_urn>urn:uuid:fdc90b21-018d-4cab-b866-612c7c119ed3</product_parent_urn>
         <product_parent>Java Platform Standard Edition 6 (Java SE 6)</product_parent>
         <product_defined_inst_id>id=1.6.0_21-b07 x86,dir=C:\Program Files\Java\jre6</product_defined_inst_id>
         <product_vendor>Sun Microsystems</product_vendor>
         <platform_arch>x86</platform_arch>
         <timestamp>2010-08-24 18:53:21 GMT</timestamp>
         <container>global</container>
         <source>Windows JRE installer</source>
         <installer_uid>-1</installer_uid>
      </service_tag>
   </registry>
</registration_data>
